run,imp,exit_code,theta_1,gamma_1,e_1,lnL,converged,combo,rep
274,1,3,0.00258719934842215,-0.033456233275536,0.0565640327698812,20975.8607721929,True,n100_g0_e0.05,100
389,1,3,0.00252382011577747,-0.0436045558293327,0.0445915454857791,20361.6253625591,True,n100_g0_e0.05,10
114,1,3,0.00250856440790775,0.0445852168072578,0.0556047305547474,20436.918056761,True,n100_g0_e0.05,11
52,1,3,0.00257980340720898,-0.0597134848872467,0.0625235054216008,20760.1030365503,True,n100_g0_e0.05,12
359,1,3,0.00246074965516707,0.0750758382190236,0.0466652257132462,20078.7482638821,True,n100_g0_e0.05,13
199,1,3,0.00249395719575162,-0.00985375447811459,0.0413977561208115,20207.8170509479,True,n100_g0_e0.05,14
332,1,3,0.0024431887670715,0.204392028538411,0.0433206414385751,20253.9056343992,True,n100_g0_e0.05,15
73,1,3,0.0023814992776947,0.272492075359037,0.0448308632555795,19810.1262817808,True,n100_g0_e0.05,16
183,1,3,0.00254532823770508,-0.00907635951898526,0.0603041523412688,20648.2674277018,True,n100_g0_e0.05,17
82,1,3,0.00251864701364443,-0.0958740419424897,0.0523272244882991,20161.4569594636,True,n100_g0_e0.05,18
194,1,3,0.00250376499848509,-0.183559607761103,0.0387328246341857,19809.685240118,True,n100_g0_e0.05,19
389,1,3,0.00253409331347549,-0.0788949225500064,0.0567344209093455,20311.2476412883,True,n100_g0_e0.05,1
258,1,3,0.00252095048353123,-0.0273518661297556,0.0478222659934837,20416.8974209612,True,n100_g0_e0.05,20
308,1,3,0.00256022599754144,-0.156372757242754,0.0547028702257089,20347.1407220424,True,n100_g0_e0.05,21
298,1,3,0.00251481732854413,-0.115504844499541,0.0523586090220134,20046.7337584467,True,n100_g0_e0.05,22
248,1,3,0.00246309846500658,0.0618620806779151,0.0517446855228254,20063.6107723958,True,n100_g0_e0.05,23
293,1,3,0.00238920556934858,0.123493167295266,0.0349063885406557,19549.9473300256,True,n100_g0_e0.05,24
411,1,3,0.00248103422386169,0.0590455396755307,0.0541385199496701,20236.194022662,True,n100_g0_e0.05,25
477,1,3,0.0025374484735207,-0.252407109581999,0.055977485558374,19929.6786282383,True,n100_g0_e0.05,26
193,1,3,0.00243978282170814,0.185113235432262,0.0431817821498874,20184.5837226561,True,n100_g0_e0.05,27
122,1,3,0.0024845104694951,0.171525040783047,0.0329985430525185,20623.4944820757,True,n100_g0_e0.05,28
94,1,3,0.00248623500585823,0.265245010733617,0.0402987908461094,20889.8693100328,True,n100_g0_e0.05,29
443,1,3,0.00236723270045854,0.319618275213058,0.0416390738076236,19787.1619481259,True,n100_g0_e0.05,2
496,1,3,0.00253409755395485,-0.12294521146224,0.0447287661420119,20238.0783126991,True,n100_g0_e0.05,30
445,1,3,0.00252810752769279,-0.137757144829819,0.0378785363744469,20146.8269803333,True,n100_g0_e0.05,31
49,1,3,0.00248077107917828,0.0467678977895677,0.0440157084395426,20223.72223847,True,n100_g0_e0.05,32
101,1,3,0.00255689789958397,0.0336397677597784,0.0428259236704225,20922.3178904631,True,n100_g0_e0.05,33
191,1,3,0.00250202831677943,0.00946098620598691,0.0509862513434993,20291.6681170511,True,n100_g0_e0.05,34
105,1,3,0.00247642054881271,0.124464320643745,0.0357671503547005,20409.7285924897,True,n100_g0_e0.05,35
227,1,3,0.00259145534081122,-0.0857455886941679,0.0550419307067475,20843.7008114657,True,n100_g0_e0.05,36
230,1,3,0.00258617533272586,-0.230024329301883,0.0621334081459319,20405.2206023473,True,n100_g0_e0.05,37
304,1,3,0.00249822058506635,0.0884122386424857,0.0555450973318164,20445.4777455731,True,n100_g0_e0.05,38
346,1,3,0.00246997619208535,-0.0805841275102622,0.0532858759306545,19735.330516797,True,n100_g0_e0.05,39
44,1,3,0.00246256855887941,0.135314226451397,0.0389078349925338,20319.2438158064,True,n100_g0_e0.05,3
304,1,3,0.0024316749685918,0.133456772759503,0.0430760108124669,19919.5748518133,True,n100_g0_e0.05,40
302,1,3,0.00257147277447427,-0.0796892725730569,0.0461050174547846,20755.6871130751,True,n100_g0_e0.05,41
253,1,3,0.00255557569864313,-0.311914915174204,0.0575903094463931,19872.193840821,True,n100_g0_e0.05,42
174,1,3,0.00255507008919524,-0.0389436913227076,0.0590505226842987,20598.2080853182,True,n100_g0_e0.05,43
108,1,3,0.00255689346983597,-0.16090181666922,0.0652988424920968,20280.7557241321,True,n100_g0_e0.05,44
416,1,3,0.00256179609620908,-0.221056679246171,0.0561837925590628,20201.138862755,True,n100_g0_e0.05,45
411,1,3,0.00250769823784157,0.0491632205145529,0.05580442107447,20414.7408015938,True,n100_g0_e0.05,46
106,1,3,0.00254237536872868,-0.214008517166971,0.0756543121083084,19944.2490133935,True,n100_g0_e0.05,47
121,1,3,0.00258847880547466,-0.251217764203176,0.0603279954021558,20342.6009253591,True,n100_g0_e0.05,48
433,1,3,0.00252090776239389,-0.257929658276706,0.065115770441779,19629.0266684587,True,n100_g0_e0.05,49
491,1,3,0.00247770272497045,0.0940642576229754,0.0532225522998844,20252.5836285675,True,n100_g0_e0.05,4
111,1,3,0.00251322986471532,-0.0107408664978068,0.0588260102955134,20303.6486313327,True,n100_g0_e0.05,50
440,1,3,0.00240715298928493,0.340762045870307,0.0303582896387743,20345.8699858447,True,n100_g0_e0.05,51
233,1,3,0.00244673246777501,0.322277915946096,0.0378669647490795,20622.7057856437,True,n100_g0_e0.05,52
500,1,3,0.00242814541056172,0.0933472676191009,0.0387757097577892,19823.8950314644,True,n100_g0_e0.05,53
104,1,3,0.00231965518050359,0.413449819390766,0.0354183593008405,19608.7022884986,True,n100_g0_e0.05,54
101,1,3,0.00258918891435816,-0.12923899914103,0.0628328539128288,20717.0724446193,True,n100_g0_e0.05,55
69,1,3,0.00238276946264243,0.336702359936818,0.048021771966177,19973.7417252103,True,n100_g0_e0.05,56
329,1,3,0.00235223612004833,0.475509474043013,0.0433488950041427,20008.7459845893,True,n100_g0_e0.05,57
314,1,3,0.00256167432947446,-0.198878978495407,0.0413576621586632,20355.676378332,True,n100_g0_e0.05,58
233,1,3,0.00255372397423,-0.0566714933197836,0.0451146802593186,20665.7391769055,True,n100_g0_e0.05,59
152,1,3,0.00252189604186372,0.0913617780718591,0.0438798350104643,20749.97595642,True,n100_g0_e0.05,5
223,1,3,0.0024035082443082,0.124433033377664,0.051367931065738,19612.1583927199,True,n100_g0_e0.05,60
278,1,3,0.00244371027849375,0.0123597813437445,0.0557521670227132,19697.0820739302,True,n100_g0_e0.05,61
242,1,3,0.00258902279113362,-0.143116742550638,0.0561548377730754,20695.9293880943,True,n100_g0_e0.05,62
211,1,3,0.0025775083148523,-0.32919497034797,0.0445388409531873,20087.9269339647,True,n100_g0_e0.05,63
77,1,3,0.00253974085508126,-0.217081476002101,0.0584477232579244,19990.9214566825,True,n100_g0_e0.05,64
469,1,3,0.0025091737322157,-0.146307944191295,0.0525779285155002,19923.2712427246,True,n100_g0_e0.05,65
295,1,3,0.00251220183036369,-0.00753602415031363,0.0467098387652499,20345.7824125153,True,n100_g0_e0.05,66
11,1,3,0.00264624631122899,-0.276512086173736,0.0707542534424757,20765.2313927226,True,n100_g0_e0.05,67
109,1,3,0.00244518144894233,0.167365255394348,0.0411748406829987,20208.9520013635,True,n100_g0_e0.05,68
124,1,3,0.00251037969225038,-0.0814658800065886,0.0441800240154448,20153.5872086465,True,n100_g0_e0.05,69
209,1,3,0.00240821734086939,0.0490007064622402,0.0409818351475563,19526.0965415624,True,n100_g0_e0.05,6
274,1,3,0.00246159839203455,-0.0239511613641198,0.0569824811502971,19795.6550549631,True,n100_g0_e0.05,70
225,1,3,0.00253945753006622,-0.130092896665394,0.0473853049314831,20250.419738511,True,n100_g0_e0.05,71
340,1,3,0.00241856897904915,0.194045342571214,0.0462707195188233,19962.4791943932,True,n100_g0_e0.05,72
34,1,3,0.00259057674485291,-0.142352307570715,0.0567899129913722,20679.5680560588,True,n100_g0_e0.05,73
457,1,3,0.00251770545375365,-0.0209709014031212,0.0618388306594808,20325.0469199987,True,n100_g0_e0.05,74
278,1,3,0.00251133615958529,0.156229006582483,0.0554867327005733,20754.6112980372,True,n100_g0_e0.05,75
129,1,3,0.00242293320025462,-0.000848250869105155,0.0549716272146844,19490.2573677664,True,n100_g0_e0.05,76
435,1,3,0.00253839789554972,-0.108550276841424,0.049437127813092,20312.8305763441,True,n100_g0_e0.05,77
149,1,3,0.00245039628343074,-0.00338225745248732,0.0568869831789074,19732.1796598573,True,n100_g0_e0.05,78
283,1,3,0.00247648599908645,0.00411604287521101,0.049317973106806,19991.2459010238,True,n100_g0_e0.05,79
127,1,3,0.00242939536586734,0.225251655477233,0.0426473027441771,20196.8056559874,True,n100_g0_e0.05,7
115,1,3,0.00240935017751691,0.178474252823832,0.0393695378179201,19846.3959998003,True,n100_g0_e0.05,80
463,1,3,0.0025325514079306,0.0359491265946989,0.0613791181508438,20601.0276841268,True,n100_g0_e0.05,81
232,1,3,0.00252732845471301,-0.0820217346924931,0.0681427467055371,20206.4979140724,True,n100_g0_e0.05,82
202,1,3,0.00246800755340662,-0.061206304724942,0.0539789614219609,19753.6965186383,True,n100_g0_e0.05,83
360,1,3,0.0024925934078186,-0.00929743316054037,0.0500543421976616,20168.6910589967,True,n100_g0_e0.05,84
489,1,3,0.00249714181640783,0.0192422528582385,0.0395289108760639,20316.2717642353,True,n100_g0_e0.05,85
414,1,3,0.00252507028246194,-0.130324272313977,0.0429340046844385,20165.8883379321,True,n100_g0_e0.05,86
270,1,3,0.0024972518189239,-0.1002293792407,0.0533424219199453,19903.5558800897,True,n100_g0_e0.05,87
495,1,3,0.00240964975584153,0.212252694805942,0.0461911738223878,19961.2803255485,True,n100_g0_e0.05,88
350,1,3,0.00242404499461898,0.154746808010976,0.028692238811937,20023.3516560371,True,n100_g0_e0.05,89
233,1,3,0.00246535277212314,0.0244685382178745,0.0376295441709498,20063.9872058943,True,n100_g0_e0.05,8
489,1,3,0.00262446407526585,-0.013288899201849,0.0456299471569296,21451.8857391736,True,n100_g0_e0.05,90
397,1,3,0.00244786114988465,0.120580058881338,0.044354611489366,20066.2174958929,True,n100_g0_e0.05,91
64,1,3,0.00253193211269995,-0.0135216218294364,0.0460583475904899,20540.7769966365,True,n100_g0_e0.05,92
141,1,3,0.00244146627822293,0.194822974808857,0.0402851044855162,20271.707181803,True,n100_g0_e0.05,93
437,1,3,0.00246240943028055,-0.0888217709014088,0.0570630187014948,19615.350686476,True,n100_g0_e0.05,94
492,1,3,0.0024869440277461,0.0496119605997572,0.0481716316231075,20234.6423354665,True,n100_g0_e0.05,95
240,1,3,0.00245167193997587,0.0721637841687379,0.0501685338830935,19989.3040189321,True,n100_g0_e0.05,96
154,1,3,0.00252369928809742,-0.102176848983759,0.0372914658615377,20242.913669166,True,n100_g0_e0.05,97
242,1,3,0.00247691805106925,-0.00663454881545307,0.042879524585782,20041.2478015839,True,n100_g0_e0.05,98
34,1,3,0.0025885153574243,-0.0930977285367518,0.0449342406024245,20904.5289233965,True,n100_g0_e0.05,99
194,1,3,0.00259601217357824,-0.101157295182498,0.0494894716491232,20911.5475074569,True,n100_g0_e0.05,9
464,1,3,0.00255915965354675,-0.131353968093248,0.11264427068789,20215.723591081,True,n100_g0_e0.1,100
214,1,3,0.00252974258862185,-0.0747277605615637,0.10768445895809,20098.5514961796,True,n100_g0_e0.1,10
261,1,3,0.00241786775059006,0.111710791016706,0.0958369948848464,19558.0330643255,True,n100_g0_e0.1,11
189,1,3,0.00262810148138747,-0.250720077721481,0.115632027151177,20481.7488170094,True,n100_g0_e0.1,12
475,1,3,0.00235219356844154,0.489637664864337,0.0892184561094999,19923.3080007588,True,n100_g0_e0.1,13
489,1,3,0.00255645200009877,-0.10680929588288,0.109390496858758,20278.0667906735,True,n100_g0_e0.1,14
273,1,3,0.00254291152075071,-0.0418417889194953,0.101119611724164,20309.8647861278,True,n100_g0_e0.1,15
468,1,3,0.00249440752942389,0.0427667048448589,0.104625174889291,20066.3859382487,True,n100_g0_e0.1,16
150,1,3,0.00255888510931559,-0.349080674055658,0.111970589529493,19537.4858851524,True,n100_g0_e0.1,17
339,1,3,0.00261652841259731,-0.274052939673111,0.0980611056247586,20342.4249373285,True,n100_g0_e0.1,18
237,1,3,0.00254857997506455,-0.0154237679944774,0.103947952978392,20459.5564482569,True,n100_g0_e0.1,19
48,1,3,0.00255973413738343,0.0376228759635135,0.101438774671581,20670.3661884089,True,n100_g0_e0.1,1
122,1,3,0.0026519493122088,-0.347421967872884,0.10442232472788,20457.230370175,True,n100_g0_e0.1,20
420,1,3,0.00243505397729586,0.275356499899403,0.10848928349408,20089.7553475677,True,n100_g0_e0.1,21
29,1,3,0.00241315930280979,0.24491229322349,0.0849890491664196,19922.4589028338,True,n100_g0_e0.1,22
404,1,3,0.0025626300481462,-0.176303224668268,0.107200050112912,20120.4582793487,True,n100_g0_e0.1,23
426,1,3,0.00253876049001302,-0.052887191961222,0.0835035825872013,20330.7242445049,True,n100_g0_e0.1,24
54,1,3,0.00244201095910589,0.175872454913577,0.0879262327531639,20008.1395398948,True,n100_g0_e0.1,25
377,1,3,0.00258821010694892,-0.0436892584813642,0.0807917129606327,20837.185952103,True,n100_g0_e0.1,26
499,1,3,0.00246357304885209,-0.158562186913554,0.110060165133928,19219.8796627102,True,n100_g0_e0.1,27
145,1,3,0.00250582585311197,0.0587706543762154,0.0894601681769851,20290.9577039754,True,n100_g0_e0.1,28
90,1,3,0.00253780072242291,-0.114058959722648,0.117673681083044,20028.3573758272,True,n100_g0_e0.1,29
309,1,3,0.00249238675701798,-0.159752257424087,0.102994435657351,19477.4465264839,True,n100_g0_e0.1,2
171,1,3,0.00250409374850834,-0.128824343291005,0.108106350683226,19670.3067653969,True,n100_g0_e0.1,30
308,1,3,0.0026567286086886,-0.241532525070007,0.108004095644007,20827.585835466,True,n100_g0_e0.1,31
147,1,3,0.00248641614980974,0.00455542537032538,0.103283025873442,19900.98261852,True,n100_g0_e0.1,32
125,1,3,0.00252521551047783,-0.0331894290067575,0.116174857820589,20147.1743315449,True,n100_g0_e0.1,33
372,1,3,0.00253947712812792,-0.218121890705235,0.114935354424633,19746.3183144468,True,n100_g0_e0.1,34
243,1,3,0.00253982364036334,0.0188804020906239,0.0974065248883999,20465.1193905253,True,n100_g0_e0.1,35
102,1,3,0.00247261478825673,0.157432129217531,0.0920382046613346,20255.4994490375,True,n100_g0_e0.1,36
489,1,3,0.00253650173126825,-0.0716061393186859,0.102164732047365,20194.8279496119,True,n100_g0_e0.1,37
416,1,3,0.00258599308151147,-0.308824182526225,0.0970416011423877,20030.8392655644,True,n100_g0_e0.1,38
269,1,3,0.00254723032585815,-0.142689779906439,0.104850566289405,20090.4699682273,True,n100_g0_e0.1,39
332,1,3,0.00256263480119007,-0.14181965321732,0.10571805548978,20210.5468192074,True,n100_g0_e0.1,3
199,1,3,0.00235379787782306,0.440042270444238,0.0791619190523078,19820.6408920836,True,n100_g0_e0.1,40
116,1,3,0.0024305595613485,-0.042663089580209,0.108644769266663,19209.2732902702,True,n100_g0_e0.1,41
488,1,3,0.00243721437608962,0.0962374223406596,0.0964321765101251,19678.623609893,True,n100_g0_e0.1,42
164,1,3,0.00241942524381931,0.252804359371959,0.0937363817009997,19944.802943876,True,n100_g0_e0.1,43
333,1,3,0.0026000183639992,-0.215108231517884,0.118337995048988,20308.3487341211,True,n100_g0_e0.1,44
380,1,3,0.00256173195609872,-0.119131471576947,0.11254009227613,20266.8319579139,True,n100_g0_e0.1,45
80,1,3,0.00254425107690354,0.102032101610882,0.0969402147914912,20737.9339969047,True,n100_g0_e0.1,46
161,1,3,0.00248049879705472,0.103859119003115,0.0937881803390853,20171.4104811705,True,n100_g0_e0.1,47
126,1,3,0.00245465585583168,0.0208827974043023,0.111614386164619,19606.5386290427,True,n100_g0_e0.1,48
452,1,3,0.00255717192382239,-0.0671711033520246,0.10246358000698,20388.6107278857,True,n100_g0_e0.1,49
343,1,3,0.00270457987273712,-0.46147301296901,0.111301106554252,20592.8978761363,True,n100_g0_e0.1,4
312,1,3,0.00244019273449632,0.212382544350709,0.104852946487865,19990.5950811705,True,n100_g0_e0.1,50
430,1,3,0.00246725263195921,-0.0418697418103033,0.102449206090106,19607.8124863266,True,n100_g0_e0.1,51
190,1,3,0.00251178866048785,0.101087056387917,0.108291928307219,20422.163489691,True,n100_g0_e0.1,52
381,1,3,0.00243753763497567,0.121892009695869,0.0859147074741925,19780.8632286582,True,n100_g0_e0.1,53
466,1,3,0.00251327431084456,0.0131606941033146,0.0968118153710865,20188.2342345611,True,n100_g0_e0.1,54
25,1,3,0.00256600562150062,-0.279003673663168,0.100370255274332,19871.8948689574,True,n100_g0_e0.1,55
92,1,3,0.00235393126701678,0.320328494835606,0.0941666081054725,19466.98696708,True,n100_g0_e0.1,56
357,1,3,0.00261808271018661,-0.182468455499998,0.108299120061351,20600.5466491675,True,n100_g0_e0.1,57
382,1,3,0.00248089603329275,0.188845490691606,0.106499197805927,20349.7779166497,True,n100_g0_e0.1,58
193,1,3,0.00249809921203913,0.101826341699529,0.093944926621285,20320.4742437159,True,n100_g0_e0.1,59
226,1,3,0.00259570009855021,5.72795882242961e-05,0.0931948441235884,20975.0076673345,True,n100_g0_e0.1,5
244,1,3,0.00244137020081613,-0.0981546297786857,0.0955424127620598,19206.860238906,True,n100_g0_e0.1,60
65,1,3,0.00253191087640593,-0.303903700498217,0.128078751340915,19379.9946961896,True,n100_g0_e0.1,61
435,1,3,0.00250398104445111,-0.0207917397674651,0.106166496569083,19999.8388216766,True,n100_g0_e0.1,62
398,1,3,0.0024666034753943,0.110942446064636,0.100344471502702,19995.5816062411,True,n100_g0_e0.1,63
197,1,3,0.00252896678418546,0.0140356803111266,0.0945700267027567,20364.3542199863,True,n100_g0_e0.1,64
394,1,3,0.00253541550306284,-0.0462759284315145,0.109131274699538,20220.5133390302,True,n100_g0_e0.1,65
275,1,3,0.00249939721856339,0.0716574479337464,0.0839801410992182,20279.9693137006,True,n100_g0_e0.1,66
159,1,3,0.00250817285986635,-0.148798323728841,0.110883634081022,19635.5830807593,True,n100_g0_e0.1,67
225,1,3,0.00264779054866624,-0.482384007384867,0.106363771561484,20027.8566824106,True,n100_g0_e0.1,68
368,1,3,0.00271292528265285,-0.524264855392602,0.114544731459263,20465.8307019017,True,n100_g0_e0.1,69
105,1,3,0.00261902231206977,-0.275942733610144,0.114790210459335,20304.4414375667,True,n100_g0_e0.1,6
63,1,3,0.00253860735641467,-0.0615725637958247,0.0957033574755121,20216.6532131574,True,n100_g0_e0.1,70
134,1,3,0.00238952792643883,0.329092749327944,0.0891167207589073,19858.3227429432,True,n100_g0_e0.1,71
278,1,3,0.00259418330333244,-0.314720181716119,0.100061231450345,20059.8983980806,True,n100_g0_e0.1,72
490,1,3,0.00240442261454645,0.144615427212782,0.112875941852249,19473.2701738607,True,n100_g0_e0.1,73
350,1,3,0.00242450319894591,0.12061839856104,0.0874226034265823,19683.887627951,True,n100_g0_e0.1,74
448,1,3,0.00251994087424668,-0.0943178721774067,0.107281865075816,19935.7849981784,True,n100_g0_e0.1,75
221,1,3,0.00244448181770817,0.215367498543326,0.0830023101170676,20169.9871523469,True,n100_g0_e0.1,76
330,1,3,0.00261087049723012,-0.239748539955378,0.110673461129027,20380.5999063042,True,n100_g0_e0.1,77
188,1,3,0.00273522232503732,-0.660837601776492,0.108768262760927,20297.6628653495,True,n100_g0_e0.1,78
148,1,3,0.00258322022983781,-0.284448546371375,0.101744368290395,20030.594543653,True,n100_g0_e0.1,79
303,1,3,0.0024804420759147,0.165924816172749,0.100563384274808,20304.9375588894,True,n100_g0_e0.1,7
407,1,3,0.00260726222057567,-0.157776560944365,0.114181265770689,20554.7695254912,True,n100_g0_e0.1,80
377,1,3,0.00245612836431906,0.114588297257404,0.099828322464106,19909.6583527996,True,n100_g0_e0.1,81
211,1,3,0.00253261881826564,-0.100074034959715,0.0958263821059507,20109.6777587433,True,n100_g0_e0.1,82
83,1,3,0.00250374021139801,0.228880754235811,0.0972150434565952,20712.5006606536,True,n100_g0_e0.1,83
306,1,3,0.0024770685538377,0.00977569037431491,0.0855842125337233,19912.9369424728,True,n100_g0_e0.1,84
79,1,3,0.00254090097968934,-0.121664135902573,0.0976601552365372,20102.9336618905,True,n100_g0_e0.1,85
42,1,3,0.00248008249349283,0.12769521697821,0.102851402442078,20187.2098817099,True,n100_g0_e0.1,86
43,1,3,0.00254980699050359,-0.042886860710164,0.0990527457059839,20396.8383240379,True,n100_g0_e0.1,87
177,1,3,0.00249838644590471,0.160487150045642,0.0840541456280485,20526.3449581626,True,n100_g0_e0.1,88
126,1,3,0.00253646056182574,-0.218216193596306,0.102541244540716,19755.5736082468,True,n100_g0_e0.1,89
146,1,3,0.00240083744183069,0.251591221701373,0.0956493023067679,19755.9779935522,True,n100_g0_e0.1,8
61,1,3,0.00260354871547227,-0.406601641701895,0.113525522204971,19779.6539365897,True,n100_g0_e0.1,90
224,1,3,0.00243288619874864,0.17537913568253,0.0747222040271049,19940.4882205674,True,n100_g0_e0.1,91
418,1,3,0.00250361202216491,-0.151492856226499,0.10564785451766,19599.788318914,True,n100_g0_e0.1,92
166,1,3,0.00245334369299727,0.22416935401208,0.0875857235590602,20205.8132168595,True,n100_g0_e0.1,93
207,1,3,0.00253717725850227,-0.152490456985634,0.114866139526375,19905.9218045468,True,n100_g0_e0.1,94
111,1,3,0.00258431055698928,-0.269602268496019,0.134708885962893,19941.9700583093,True,n100_g0_e0.1,95
328,1,3,0.00267666727298366,-0.327987604768815,0.109981628909333,20709.8846237498,True,n100_g0_e0.1,96
207,1,3,0.00250117639920296,0.025142717064251,0.104477600410473,20080.4653548575,True,n100_g0_e0.1,97
166,1,3,0.00234539820534449,0.340213559805078,0.0941850393483144,19469.0410619463,True,n100_g0_e0.1,98
302,1,3,0.00252530783260178,-0.0537213259739762,0.117350015899724,20052.1460751311,True,n100_g0_e0.1,99
122,1,3,0.00246596577929831,0.0319367914431233,0.0786183535629483,19856.7825999754,True,n100_g0_e0.1,9
468,1,3,0.00252497293662226,9.59899829283069,0.0488859069890641,35552.7587810892,True,n100_g10_e0.05,100
32,1,3,0.00256083109301866,9.21855340010252,0.0820534246806254,35927.062422871,True,n100_g10_e0.05,10
104,1,3,0.00248318146087307,10.2849293501692,0,35351.5525822967,True,n100_g10_e0.05,11
244,1,3,0.00240439818570278,12.2888447186178,0,34932.3111753792,True,n100_g10_e0.05,12
204,1,3,0.00261646323053239,8.22140473387177,0.118051716974763,36172.1356124176,True,n100_g10_e0.05,13
235,1,3,0.00257077221749586,8.43289923677649,0.131425638223411,35524.9348197517,True,n100_g10_e0.05,14
78,1,3,0.00253562774034709,10.5533536223716,0.0643614485792492,36287.0292433245,True,n100_g10_e0.05,15
384,1,3,0.00253987872933786,8.87794682634029,0.0558833984124173,35443.8352910551,True,n100_g10_e0.05,16
456,1,3,0.00248267506536646,10.1352133888565,0.0633928259642025,35152.2249920684,True,n100_g10_e0.05,17
387,1,3,0.00253090085022869,9.62312308246754,0.068029333204446,35736.3673774836,True,n100_g10_e0.05,18
437,1,3,0.00256877569897495,8.7676320197495,0.0631341248740287,35796.0741584425,True,n100_g10_e0.05,19
250,1,3,0.00249801543487264,8.84837167102839,0.0805056046690655,34691.0289922053,True,n100_g10_e0.05,1
142,1,3,0.00255545548071129,8.61345681791168,0.120109073785077,35409.3935804174,True,n100_g10_e0.05,20
91,1,3,0.00247721984291723,12.1162573519092,0,36156.7228756919,True,n100_g10_e0.05,21
226,1,3,0.00250997895519586,9.27759381139722,0.0851964009307267,35072.4592032758,True,n100_g10_e0.05,22
195,1,3,0.00257628658106358,7.89702977409712,0.112195617751658,35221.5364874729,True,n100_g10_e0.05,23
482,1,3,0.00242365060930946,10.3637824687073,0.03199518931594,34368.1368560867,True,n100_g10_e0.05,24
278,1,3,0.00251580008621636,11.313517526249,0.0016515038530412,36431.5051218618,True,n100_g10_e0.05,25
427,1,3,0.00256376539203415,8.03040366951241,0.0975381726519738,35087.376186872,True,n100_g10_e0.05,26
453,1,3,0.00249225367165792,10.8325846119891,0,35756.0100409807,True,n100_g10_e0.05,27
245,1,3,0.00253441816088803,9.30621767952546,0.0918344049217868,35480.7814997621,True,n100_g10_e0.05,28
206,1,3,0.00251638531983981,9.30775534462295,0.0633740202853637,35346.7455028972,True,n100_g10_e0.05,29
19,1,3,0.00262839348948714,6.77817606442574,0.106639706784331,35053.4646429414,True,n100_g10_e0.05,2
427,1,3,0.00247939744089116,11.4686319594677,0.00266558849087359,35827.4412755531,True,n100_g10_e0.05,30
186,1,3,0.00264354285962213,7.01186777004241,0.12917228147827,35466.1708645101,True,n100_g10_e0.05,31
36,1,3,0.00257382615728715,8.27953732447749,0.0976242449621625,35553.7602453708,True,n100_g10_e0.05,32
362,1,3,0.00260910691615788,7.82475559573358,0.110958212407013,35713.7556763248,True,n100_g10_e0.05,33
100,1,3,0.00260211000306341,7.86025750663567,0.116909049035724,35655.8627149656,True,n100_g10_e0.05,34
8,1,3,0.00248622638492836,11.0167374725709,0,35740.9874415825,True,n100_g10_e0.05,35
430,1,3,0.00250247306380628,10.1491106306343,0.00578842807872963,35620.3922847636,True,n100_g10_e0.05,36
198,1,3,0.00250015260045711,10.9724628031883,0.0265340737823831,35967.1050282429,True,n100_g10_e0.05,37
158,1,3,0.00251160571319209,11.1002753443702,0,36240.7794650809,True,n100_g10_e0.05,38
334,1,3,0.00254007374630261,9.59715860059832,0.0524168568314963,35852.587451334,True,n100_g10_e0.05,39
226,1,3,0.00252504904207535,8.17226855179805,0.096264218681071,34544.5280128265,True,n100_g10_e0.05,3
404,1,3,0.00256676679418764,8.54649236383121,0.103458742336889,35588.6292460794,True,n100_g10_e0.05,40
207,1,3,0.00250381660488817,10.2828688937526,0.0603140416052327,35649.3062392161,True,n100_g10_e0.05,41
217,1,3,0.00244594550476021,12.0157858720553,0.0121347650351999,35506.6452225036,True,n100_g10_e0.05,42
428,1,1,0.00252372022722947,11.2305675248871,0,36464.4178955398,True,n100_g10_e0.05,43
128,1,3,0.00250349339392629,8.00030042453316,0.102628832045577,34071.3156133634,True,n100_g10_e0.05,44
222,1,3,0.00244212678846445,10.2370792002916,0.0477951486318727,34594.7714799133,True,n100_g10_e0.05,45
110,1,3,0.00247228812088515,9.23736013523825,0.0780038254567834,34430.8503067493,True,n100_g10_e0.05,46
251,1,3,0.0025112885932108,8.91349364592696,0.0812005900840303,34878.685522512,True,n100_g10_e0.05,47
278,1,3,0.00241579786251964,11.6164133657981,0.000971783327555116,34816.6151990203,True,n100_g10_e0.05,48
400,1,3,0.00245105327541329,10.8565436118542,0.0228582910175054,34999.7485054377,True,n100_g10_e0.05,49
446,1,3,0.0024397626629537,9.98987509458959,0.0754328587389475,34403.8770413502,True,n100_g10_e0.05,4
173,1,3,0.00258102694929403,7.80421321143032,0.101814140062375,35267.4375819531,True,n100_g10_e0.05,50
12,1,3,0.00244545578325449,12.298150788642,0,35616.7585311501,True,n100_g10_e0.05,51
13,1,3,0.00252320988334261,11.1243749594021,0,36417.8624106985,True,n100_g10_e0.05,52
474,1,3,0.00244754130892534,11.4564158377732,0,35249.8601483555,True,n100_g10_e0.05,53
196,1,3,0.00250230995674233,11.9869365710187,0,36500.3292797036,True,n100_g10_e0.05,54
417,1,3,0.00246639111268001,10.7292257294153,0.0373380972013814,35215.7011855148,True,n100_g10_e0.05,55
426,1,3,0.00265774242978282,7.17669268914646,0.120785082370371,35972.3603936217,True,n100_g10_e0.05,56
103,1,3,0.0024373095438933,12.0133720235595,0,35367.7925522721,True,n100_g10_e0.05,57
114,1,3,0.00250894382372916,9.08991923327022,0.089491881215642,35010.5530073198,True,n100_g10_e0.05,58
243,1,3,0.00249339853940512,9.80472216692017,0.0564231319968043,35213.2143134574,True,n100_g10_e0.05,59
490,1,3,0.00241879171867426,11.4455128799393,0.00744407151237348,34870.9096343378,True,n100_g10_e0.05,5
312,1,3,0.00250374424739472,10.7894606120883,0.0592717522223083,35946.9855872137,True,n100_g10_e0.05,60
184,1,3,0.00243719035423478,10.3383523093118,0.0499473193451421,34588.0694969239,True,n100_g10_e0.05,61
389,1,3,0.00263466566495106,6.93804923409803,0.157184288723225,35249.6979287844,True,n100_g10_e0.05,62
249,1,3,0.00252757073149428,9.36357822838152,0.0510245843314452,35535.9157853627,True,n100_g10_e0.05,63
10,1,3,0.00248190835418788,10.9341749346135,0,35639.0788125937,True,n100_g10_e0.05,64
103,1,3,0.00243392555327172,11.8672518701309,0,35217.7083473047,True,n100_g10_e0.05,65
480,1,3,0.0025380776644111,8.36545478074923,0.114305725900803,34887.6365748917,True,n100_g10_e0.05,66
454,1,3,0.00242009408206491,12.0061486632345,0.0215250281182388,35025.1385428358,True,n100_g10_e0.05,67
255,1,3,0.00251003799740282,10.7911469370649,0.0375944329792012,36025.2118547955,True,n100_g10_e0.05,68
170,1,3,0.00247810836708958,10.6320316586669,0.0509423097193452,35446.1527223665,True,n100_g10_e0.05,69
256,1,3,0.00252045298351286,10.3500813127736,0.0243813371595568,35982.112245373,True,n100_g10_e0.05,6
458,1,3,0.0025885439560612,7.4432297266322,0.141577358028044,35020.8766039628,True,n100_g10_e0.05,70
448,1,3,0.00256459666834185,8.93639990953785,0.0901200189014695,35865.0792130513,True,n100_g10_e0.05,71
467,1,3,0.00253431272258654,9.15084021600228,0.0750548057473054,35449.7608981095,True,n100_g10_e0.05,72
382,1,3,0.00254245756969702,9.48361566226015,0.0717988657906014,35808.3510011468,True,n100_g10_e0.05,73
455,1,3,0.00255458528575658,8.61674165537859,0.11254429813439,35409.805800741,True,n100_g10_e0.05,74
402,1,3,0.00257383493121743,8.03480606722391,0.0939397615475285,35349.475581877,True,n100_g10_e0.05,75
66,1,3,0.00246456496336337,11.6480363362819,0,35709.266889833,True,n100_g10_e0.05,76
479,1,3,0.00251291343815643,9.94285949252888,0.0510449111895097,35618.100183324,True,n100_g10_e0.05,77
253,1,3,0.00262464460918229,7.331989769993,0.107410291363962,35557.1957895189,True,n100_g10_e0.05,78
359,1,3,0.0024659911954672,9.72976109310923,0.102393074389451,34676.2388130528,True,n100_g10_e0.05,79
168,1,3,0.00251238816370642,10.4821511727003,0.085421977456951,35816.0284407041,True,n100_g10_e0.05,7
427,1,3,0.00246836857657541,10.6153500222041,0.00327500860227881,35211.5916916369,True,n100_g10_e0.05,80
95,1,3,0.00255355974378641,8.16594952270093,0.0895592475727018,35078.6400375699,True,n100_g10_e0.05,81
58,1,3,0.00238803147831435,13.1527894350484,0,34980.4420461063,True,n100_g10_e0.05,82
66,1,3,0.00253288505971203,9.74762334192127,0.0468531248712771,35823.2020981643,True,n100_g10_e0.05,83
390,1,3,0.00246592423966181,11.2796437979826,0.010720353413589,35567.1248209228,True,n100_g10_e0.05,84
61,1,3,0.0024294152636764,10.5593369445792,0,34590.2857301023,True,n100_g10_e0.05,85
122,1,3,0.00247605437376899,10.2860120980387,0.0337462004334342,35165.0485742448,True,n100_g10_e0.05,86
168,1,3,0.00245002086601727,12.5052342843885,0.0124616308318597,35742.6650662051,True,n100_g10_e0.05,87
89,1,3,0.00256615338206998,8.59332772827842,0.0798453400621431,35606.3307636026,True,n100_g10_e0.05,88
476,1,3,0.00253522690536158,10.6347913930882,0.0386195416850243,36367.6819906638,True,n100_g10_e0.05,89
201,1,3,0.00257115579408629,9.16676250590363,0.093745126114011,36002.6518308389,True,n100_g10_e0.05,8
143,1,3,0.00241658927442898,10.980117612878,0.00936092923523183,34483.6443837851,True,n100_g10_e0.05,90
112,1,3,0.00256196680069686,8.57276362969627,0.131328069862807,35465.9411094544,True,n100_g10_e0.05,91
396,1,3,0.00252374523859222,8.55664018133592,0.0862611819288093,34927.1875734699,True,n100_g10_e0.05,92
276,1,3,0.00253805863168197,9.02020370490431,0.0728312165418288,35423.7038017496,True,n100_g10_e0.05,93
32,1,3,0.00246740999824186,11.1488698081562,0,35571.7825185801,True,n100_g10_e0.05,94
90,1,3,0.00244875872569311,11.2405155997709,0.0118161124952117,35133.9885879556,True,n100_g10_e0.05,95
66,1,3,0.0025010507423324,9.51790423786657,0.0718909173471166,35155.0219521035,True,n100_g10_e0.05,96
251,1,3,0.00247580872939253,10.8046482274554,0.0235052838121662,35449.5268694598,True,n100_g10_e0.05,97
371,1,3,0.00249874666135229,10.0465693989985,0.0174647160643417,35421.5575625031,True,n100_g10_e0.05,98
469,1,3,0.00247077131355534,9.57298970628273,0.0515710003727659,34751.3046226281,True,n100_g10_e0.05,99
468,1,3,0.00249656608488752,10.0372552392856,0.0937489582709527,35322.36849136,True,n100_g10_e0.05,9
80,1,3,0.00247143332557523,10.9929915640102,0.102132477125048,35418.8127609287,True,n100_g10_e0.1,100
248,1,3,0.00266622999707957,6.35841236118346,0.206435884343203,35087.02265538,True,n100_g10_e0.1,10
175,1,3,0.00256610117574918,8.16420657205262,0.153472438061221,35126.077561934,True,n100_g10_e0.1,11
94,1,3,0.00254327719521772,8.84834072421843,0.122884110500247,35409.0882203491,True,n100_g10_e0.1,12
392,1,3,0.00256224268925564,8.33218050078985,0.112604826923294,35318.3118916367,True,n100_g10_e0.1,13
114,1,3,0.00243225604349837,13.7403652689526,0.00771151453955784,35891.7725129622,True,n100_g10_e0.1,14
168,1,3,0.00246376020321489,10.6513545685309,0.0585951674040931,35164.7878133354,True,n100_g10_e0.1,15
326,1,3,0.0024892863540282,9.60600057930737,0.074386757308275,35018.6604698472,True,n100_g10_e0.1,16
450,1,3,0.00252138700278871,8.70471644262055,0.11266043049123,34850.3995490633,True,n100_g10_e0.1,17
481,1,3,0.00251339644574463,9.91822944745873,0.0876129932559392,35537.5103967419,True,n100_g10_e0.1,18
65,1,3,0.00241989289613484,10.7394370522234,0.0764382700009257,34408.9745103033,True,n100_g10_e0.1,19
240,1,3,0.00251999518620386,8.88626201866279,0.116097741686645,35062.5983233236,True,n100_g10_e0.1,1
37,1,3,0.00250627039812408,9.67167099051472,0.163277933987113,35254.4276121833,True,n100_g10_e0.1,20
51,1,3,0.0024172648714114,10.6598746402223,0.0956746133252873,34345.9519264372,True,n100_g10_e0.1,21
494,1,3,0.00263938337968978,8.14193362947724,0.163168412873906,36457.4999568877,True,n100_g10_e0.1,22
371,1,3,0.00248671759342042,10.066100864095,0.0579898097266433,35204.3047574173,True,n100_g10_e0.1,23
110,1,3,0.00264723516937193,7.36642045646507,0.158087432322229,35885.5215899136,True,n100_g10_e0.1,24
414,1,3,0.00244652479282614,10.0881837054586,0.109799060147827,34509.1614065691,True,n100_g10_e0.1,25
47,1,3,0.00242007277779721,11.3433250474171,0.0959848846044705,34712.2756718055,True,n100_g10_e0.1,26
10,1,3,0.00243440584865927,11.318018172245,0.0791920825166019,34910.3247634797,True,n100_g10_e0.1,27
267,1,3,0.00247123871699789,11.6599584136386,0.0396454123165768,35751.576358822,True,n100_g10_e0.1,28
417,1,3,0.0025484814142535,10.370956979954,0.0887772038799744,36470.0649981335,True,n100_g10_e0.1,29
306,1,3,0.00253509911095628,10.2806074729934,0.107313379033099,36126.8833729725,True,n100_g10_e0.1,2
122,1,3,0.00259214035597539,8.12587167909164,0.119319978007535,35676.2024560148,True,n100_g10_e0.1,30
30,1,3,0.00258205187158466,8.65346148366857,0.147064300091364,35832.5784375731,True,n100_g10_e0.1,31
186,1,3,0.00246405623222618,10.2059266742944,0.116376285247749,34867.4264182012,True,n100_g10_e0.1,32
463,1,3,0.00243729425598619,11.2236347244225,0.0561049001348492,34907.9126890149,True,n100_g10_e0.1,33
334,1,3,0.00245297137043541,11.3180821753016,0.0394669413964905,35256.1810001121,True,n100_g10_e0.1,34
461,1,3,0.00244892341045812,11.299248950341,0.0718854864090993,35203.2455244514,True,n100_g10_e0.1,35
241,1,3,0.00242608817550032,12.8831116373779,0.0573393198669993,35452.9144150513,True,n100_g10_e0.1,36
458,1,3,0.00250269973429926,10.4185589963967,0.0567836308537535,35701.5137821366,True,n100_g10_e0.1,37
224,1,3,0.00240572219050043,12.1425902665644,0.0529403701829598,34811.2492529786,True,n100_g10_e0.1,38
55,1,3,0.00249838138467231,10.2754002738514,0.0549181629271196,35505.9320317847,True,n100_g10_e0.1,39
142,1,3,0.00254292127261887,9.58778575133892,0.110123822162612,35790.4239303162,True,n100_g10_e0.1,3
406,1,3,0.00250000325275904,7.98879888556792,0.159990320174138,33992.4010229686,True,n100_g10_e0.1,40
325,1,3,0.00250338629994602,9.97177608210627,0.100443217154046,35427.8139800331,True,n100_g10_e0.1,41
122,1,3,0.0025442594131107,8.73011315917979,0.155352677912171,35217.6474411127,True,n100_g10_e0.1,42
435,1,3,0.00244550611405445,11.2182647604792,0.0708678755820075,35109.852484744,True,n100_g10_e0.1,43
108,1,3,0.00244444091300898,11.5214350946564,0.0656886363470879,35232.4237172756,True,n100_g10_e0.1,44
134,1,3,0.0026348391724978,7.63975939485461,0.157708543049182,35927.5465092243,True,n100_g10_e0.1,45
469,1,3,0.00251275646283126,9.13992860589961,0.113145516463954,35088.0233844232,True,n100_g10_e0.1,46
470,1,3,0.00260196953894052,7.97892071355346,0.16346998487208,35701.2158128747,True,n100_g10_e0.1,47
139,1,3,0.00247069769622173,10.4919607536773,0.0694583290268316,35155.4957613591,True,n100_g10_e0.1,48
333,1,3,0.0025256175515957,9.19830491438851,0.111907472247203,35283.3012152836,True,n100_g10_e0.1,49
435,1,3,0.00251010725890421,8.80970674745308,0.102439000444387,34834.9949609007,True,n100_g10_e0.1,4
434,1,3,0.00243152075113795,11.6570795901562,0.0414824502010883,35056.0327118718,True,n100_g10_e0.1,50
173,1,3,0.00240556826103574,13.1202408480748,0.0510604081728486,35193.0501643107,True,n100_g10_e0.1,51
362,1,3,0.00244751428627789,12.6930500926659,0.0477801227391522,35809.2657265109,True,n100_g10_e0.1,52
468,1,3,0.00273194272661035,6.20762057135531,0.213783797447129,35956.4247803566,True,n100_g10_e0.1,53
40,1,3,0.00260819753410268,8.38062119507381,0.137325488177145,36104.9565422726,True,n100_g10_e0.1,54
361,1,3,0.00251271592186657,10.8793145855812,0.102689439456079,36075.9341513439,True,n100_g10_e0.1,55
255,1,3,0.00248295477926685,11.2210669061704,0.0568427623368672,35686.7968483884,True,n100_g10_e0.1,56
278,1,3,0.00245764603811662,12.1500053399634,0.0471431157495982,35746.1245365559,True,n100_g10_e0.1,57
117,1,3,0.00239584192386843,13.0580424989555,0.0685551646434244,34991.2453029173,True,n100_g10_e0.1,58
370,1,3,0.00256524895664709,8.58082530336159,0.149780890086836,35490.5373746467,True,n100_g10_e0.1,59
25,1,3,0.00244467196380827,11.3402106600645,0.095142108879375,35119.428397666,True,n100_g10_e0.1,5
434,1,3,0.00255387882928649,8.08270394167009,0.13113471532907,34987.7250940286,True,n100_g10_e0.1,60
208,1,3,0.00259688113197423,8.31797151989092,0.148957878524446,35834.5069877878,True,n100_g10_e0.1,61
172,1,3,0.00258290843053339,8.52733361872154,0.136219944610316,35786.9166136175,True,n100_g10_e0.1,62
241,1,3,0.00252135995014911,9.53091907672861,0.146708735592808,35422.141800801,True,n100_g10_e0.1,63
349,1,3,0.00244789721790869,10.6267809474957,0.0765778067224689,34827.001967453,True,n100_g10_e0.1,64
386,1,3,0.00246395065114781,12.5924534887071,0.0309533424783055,36077.1407280444,True,n100_g10_e0.1,65
147,1,3,0.0024821484902325,10.4991744717646,0.046882700068164,35424.6466384038,True,n100_g10_e0.1,66
249,1,3,0.00247405579000082,11.6860576574996,0.0491513365329837,35846.4071716799,True,n100_g10_e0.1,67
115,1,3,0.00246387938982804,10.3348609171809,0.0686158506817865,34970.9146155428,True,n100_g10_e0.1,68
325,1,3,0.00246067500991775,11.0253518056341,0.058923039267107,35252.6152731305,True,n100_g10_e0.1,69
91,1,3,0.0025515806034816,9.79447728797122,0.119170665704433,36071.9354671994,True,n100_g10_e0.1,6
381,1,3,0.00263303694595898,8.45054954030954,0.143968119974193,36609.8726699855,True,n100_g10_e0.1,70
464,1,3,0.00254948183587799,9.14084122971653,0.131900544661832,35644.5499187196,True,n100_g10_e0.1,71
210,1,3,0.00250015327038575,9.16758785750664,0.123088677143413,34808.7517242005,True,n100_g10_e0.1,72
395,1,3,0.00254369036338955,10.7156967130512,0.08800240587014,36526.8442198317,True,n100_g10_e0.1,73
472,1,3,0.0024455401851294,13.216852120673,0,36031.2415027749,True,n100_g10_e0.1,74
316,1,3,0.00243114500985752,12.2574801604262,0.0230661478876919,35328.2033087565,True,n100_g10_e0.1,75
121,1,3,0.00255409575310878,8.97208529102128,0.110685394415183,35622.5797353821,True,n100_g10_e0.1,76
107,1,3,0.00246456865801594,10.4380907830736,0.0512651169177547,35046.0888214125,True,n100_g10_e0.1,77
284,1,3,0.00246711725404489,10.8247931108022,0.126372547193599,35265.6558868445,True,n100_g10_e0.1,78
459,1,3,0.00249043216707926,11.2550698193412,0.0597436161743978,35864.5705939225,True,n100_g10_e0.1,79
175,1,3,0.00247825340119827,9.87200100150782,0.131068250569975,34885.5210478865,True,n100_g10_e0.1,7
242,1,3,0.00260955837789774,7.31572579585404,0.203517139867706,35186.2787217793,True,n100_g10_e0.1,80
75,1,3,0.00254053077456156,9.01261331081253,0.155985029812932,35416.2277702079,True,n100_g10_e0.1,81
302,1,3,0.00247721598235513,10.8894397234686,0.0833437730770586,35373.4095314387,True,n100_g10_e0.1,82
345,1,3,0.00244191607825629,11.1698262144733,0.0838241047683214,34972.5949272467,True,n100_g10_e0.1,83
235,1,3,0.00255404460244724,9.9898298810678,0.0877925021277557,36341.6190885391,True,n100_g10_e0.1,84
329,1,3,0.0025059452185525,10.012139879565,0.0855389921461329,35544.9019161152,True,n100_g10_e0.1,85
125,1,3,0.00240116306751172,13.2508621992893,0.0323802047010396,35159.5606553517,True,n100_g10_e0.1,86
63,1,3,0.00245878627477578,13.0943877336414,0,36211.2479343169,True,n100_g10_e0.1,87
285,1,3,0.00240244653992183,12.8755950576267,0.0733767509287263,35005.5214058658,True,n100_g10_e0.1,88
132,1,3,0.0025081084171665,10.796786999623,0.101842729577777,35912.4148371235,True,n100_g10_e0.1,89
94,1,3,0.00254941672359723,9.90713955569055,0.0761075260399363,36130.0048490767,True,n100_g10_e0.1,8
446,1,3,0.00239291624934994,13.301540221076,0.0400249584915731,35036.0115075436,True,n100_g10_e0.1,90
157,1,3,0.00251586227584044,8.83702956086655,0.089665044386675,34948.3431831927,True,n100_g10_e0.1,91
134,1,3,0.00246342038140827,11.0652298288899,0.0866958831554678,35310.7293881062,True,n100_g10_e0.1,92
301,1,3,0.00259472837627551,8.69578579644886,0.143081355468581,36123.5708913811,True,n100_g10_e0.1,93
59,1,3,0.00252966110478504,8.29373433988867,0.146551076315754,34683.2202813544,True,n100_g10_e0.1,94
389,1,3,0.00247227881886727,9.76493097051193,0.101458143543951,34795.9430225106,True,n100_g10_e0.1,95
260,1,3,0.00249612257839051,10.1044043568782,0.0846273267541353,35383.6836684588,True,n100_g10_e0.1,96
204,1,3,0.00249097552721523,10.3074470089416,0.0898339999843314,35443.7150626767,True,n100_g10_e0.1,97
114,1,3,0.0025059540142598,10.3826989733214,0.125528002520017,35663.9514030619,True,n100_g10_e0.1,98
78,1,3,0.0026274300505778,7.22718466174011,0.149655870677966,35407.9564470498,True,n100_g10_e0.1,99
144,1,3,0.00246206724333019,9.76071619898227,0.142178349291348,34487.5444874623,True,n100_g10_e0.1,9
